region,age,children
northeast,39.26851851851852,1.0462962962962963
northwest,39.19692307692308,1.1476923076923078
southeast,38.93956043956044,1.0494505494505495
southwest,39.45538461538462,1.1415384615384616
